<?xml version="1.0" encoding="UTF-8"?>
<!DOCTYPE mapper PUBLIC
        "-//mybatis.org//DTD Mapper 3.0//EN"
        "http://mybatis.org/dtd/mybatis-3-mapper.dtd">

<mapper namespace="com.example.NoteBook.dao.BookMapper">
    <!-- 책 등록 -->
    <insert id="insertBook" parameterType="map">
        INSERT INTO TB_BOOKDETAIL (
            USER_ID
            , USER_NAME
            , BOOK_TITLE
            , BOOK_AUTHOR
            , BOOK_PUBLISHER
            , BOOK_PRICE
            , BOOK_IMG
            , BOOK_CONTENT
            , BOOK_SELLING_PRICE
        ) VALUES (
            #{userId}
            , #{userName}
            , #{title}
            , #{author}
            , #{publisher}
            , #{bookPrice}
            , #{bookImg}
            , #{content}
            , #{price}
        )
    </insert>

    <!-- 사용자가 올린 책 목록 -->
    <select id="getUserBookList" resultType="map">
        SELECT *
        FROM TB_BOOKDETAIL
        WHERE USER_ID = #{userId}
        ORDER BY BOOK_UPLOAD_DATE DESC
    </select>

    <!-- 사용자가 올린 책 상세 -->
    <select id ="getBook" resultType="map">
        SELECT *
        FROM TB_BOOKDETAIL
        WHERE BOOK_IDX = #{bookIdx}
    </select>

    <!-- 책 가격 수정 -->
    <update id="updateBookPrice" parameterType="map">
        UPDATE
            TB_BOOKDETAIL
        SET
            BOOK_SELLING_PRICE = #{bookPrice}
        WHERE BOOK_IDX = #{bookIdx} AND USER_ID = #{userId}
    </update>

    <!-- 책 내용 수정 -->
    <update id="updateBookContent" parameterType="map">
        UPDATE
            TB_BOOKDETAIL
        SET
            BOOK_CONTENT = #{bookContent}
        WHERE BOOK_IDX = #{bookIdx} AND USER_ID = #{userId}
    </update>

    <!-- 책 게시글 저장 -->
    <insert id="insertBookChat" parameterType="map">
        INSERT INTO TB_BOOK_CHAT (
            BOOK_IDX
            , USER_ID
            , USER_NAME
            , CHAT_CONTENT
        ) VALUES (
            #{bookIdx}
            , #{userId}
            , #{userName}
            , #{bookChat}
        )
    </insert>

    <!-- 책 게시글 리스트 -->
    <select id="getBookChatList" resultType="map">
        SELECT *
        FROM TB_BOOK_CHAT
        WHERE BOOK_IDX = #{bookIdx}
    </select>

    <!-- 책 게시글 -->
    <select id="getBookChat" resultType="map">
        SELECT *
        FROM TB_BOOK_CHAT
        WHERE BOOK_IDX = #{bookIdx}
        ORDER BY CHAT_DATE DESC LIMIT 1
    </select>

    <!--책 게시글 삭제 -->
    <delete id="deleteChat" parameterType="map">
        DELETE FROM TB_BOOK_CHAT
        WHERE BOOK_CHAT_IDX = #{chatIdx}
    </delete>

    <!--책 삭제-->
    <delete id="deleteBook" parameterType="map">
        DELETE FROM TB_BOOKDETAIL
        WHERE BOOK_IDX = #{bookIdx}
    </delete>
    <!--책 댓글 삭제-->
    <delete id="deleteAllChat" parameterType="map">
        DELETE FROM TB_BOOK_CHAT
        WHERE BOOK_IDX = #{bookIdx}
    </delete>

    <!-- 전체 책 리스트 -->
    <select id ="getBookList" resultType="map">
        SELECT *
        FROM TB_BOOKDETAIL
        <if test="searchBook != null and !searchBook.equals('')">
            WHERE BOOK_TITLE LIKE '%${searchBook}%'
        </if>
        ORDER BY BOOK_UPLOAD_DATE DESC
        <if test="start == null and offset !=null">
            LIMIT 0, #{offset}
        </if>
        <if test="start != null and offset !=null">
            LIMIT #{start}, #{offset}
        </if>
    </select>

    <!-- 전체 책 갯수 -->
    <select id="getBookListCnt" resultType="int">
        SELECT count(*) from TB_BOOKDETAIL
    </select>

    <!-- 책 찜정보 저장 -->
    <insert id="insertBasketBook" parameterType="map">
        INSERT INTO TB_BOOK_BASKET (
              BOOK_IDX
            , USER_ID
            , BASKET_FLAG
        ) VALUES (
            #{bookIdx}
            , #{userId}
            , 1
        )
    </insert>

    <update id="updateBasketBook" parameterType="map">
        UPDATE
            TB_BOOK_BASKET
        SET
            BASKET_FLAG = #{basketFlag}
        WHERE
            BOOK_IDX = #{bookIdx} AND USER_ID = #{userId}
    </update>

    <!-- 찜 정보 -->
    <select id ="getBasketBook" resultType="map">
        SELECT *
        FROM TB_BOOK_BASKET
        WHERE BOOK_IDX = #{bookIdx} AND USER_ID = #{userId}
    </select>

    <select id ="basketBookList" resultType="map">
        SELECT *
        FROM TB_BOOK_BASKET
        WHERE USER_ID = #{userId}
    </select>

    <update id="bookImgUpdate" parameterType="map">
        UPDATE
            TB_BOOKDETAIL
        SET
            FILE_NAME = #{fileName}
            ,FILE_PATH = #{filePath}
        WHERE book_idx = #{bookIdx} and user_id = #{userId}
    </update>

</mapper>