<?xml version="1.0" encoding="UTF-8"?>
<!DOCTYPE mapper PUBLIC
        "-//mybatis.org//DTD Mapper 3.0//EN"
        "http://mybatis.org/dtd/mybatis-3-mapper.dtd">

<mapper namespace="com.example.NoteBook.dao.UserMapper">
    <select id="getAdminList" resultType="int">
        SELECT COUNT(*) FROM USER u
    </select>

    <!-- 사용자 정보 조회 -->
    <select id="getUserInfo" parameterType="String" resultType="UserInfo">
        SELECT *
        FROM
            TB_USER
        WHERE
            USER_ID = #{userId}
    </select>

    <!-- 사용자 등록 -->
    <insert id="insertUser" parameterType="UserInfo">
        INSERT INTO
            TB_USER(
                USER_ID
                , PASSWORD
                , USER_NAME
                , univ
                , USE_YN
            )
        VALUES(
               #{userId}
               ,#{password}
               ,#{userName}
               ,#{univ}
               ,'1'
              )
    </insert>

    <!-- 사용자 중복체크 -->
    <select id="duplicateUserCheck" parameterType="String" resultType="int">
        SELECT
             COUNT(*)
        FROM
            TB_USER
        WHERE
            USER_ID = #{userId}
    </select>
</mapper>