<?xml version="1.0" encoding="UTF-8"?>
<!DOCTYPE tiles-definitions PUBLIC
        "-//Apache Software Foundation//DTD Tiles Configuration 3.0//EN"
        "http://tiles.apache.org/dtds/tiles-config_3_0.dtd">
<tiles-definitions>
    <!-- 레이아웃 템플릿 정의 -->
     <definition name="tiles/default/template"    template="/WEB-INF/template/template.jsp">
        <put-attribute name="meta"               value="/WEB-INF/template/common/meta.jsp"/>
        <put-attribute name="styles"             value="/WEB-INF/template/common/styles.jsp"/>
        <put-attribute name="scripts"            value="/WEB-INF/template/common/scripts.jsp"/>
        <put-attribute name="header"             value="/WEB-INF/template/common/header.jsp"/>
        <put-attribute name="snb"                value="/WEB-INF/template/common/snb.jsp"/>
    </definition>

    <!-- Depth(4) : / A / B / C / D / E.jsp -->
    <definition name="/tiles/view/*/*/*/*/*"      extends="tiles/default/template">
        <put-attribute name="contents"           value="/WEB-INF/views/{1}/{2}/{3}/{4}/{5}.jsp"/>
        <put-attribute name="contents-js"        value="/WEB-INF/views/{1}/{2}/{3}/{4}/{5}-js.jsp"/>
    </definition>

    <!-- Depth(3) : / A / B / C / D.jsp -->
    <definition name="/tiles/view/*/*/*/*"        extends="tiles/default/template">
        <put-attribute name="contents"           value="/WEB-INF/views/{1}/{2}/{3}/{4}.jsp"/>
        <put-attribute name="contents-js"        value="/WEB-INF/views/{1}/{2}/{3}/{4}-js.jsp"/>
    </definition>

    <!-- Depth(2) : / A / B / C.jsp -->
    <definition name="/tiles/view/*/*/*"          extends="tiles/default/template">
        <put-attribute name="contents"           value="/WEB-INF/views/{1}/{2}/{3}.jsp"/>
        <put-attribute name="contents-js"        value="/WEB-INF/views/{1}/{2}/{3}-js.jsp"/>
    </definition>

    <!-- Depth(1) : / A / B.jsp -->
    <definition name="/tiles/view/*/*"            extends="tiles/default/template">
        <put-attribute name="contents"           value="/WEB-INF/views/{1}/{2}.jsp"/>
        <put-attribute name="contents-js"        value="/WEB-INF/views/{1}/{2}-js.jsp"/>
    </definition>

    <!-- Depth(0) : / A.jsp -->
    <definition name="/tiles/view/*"              extends="tiles/default/template">
        <put-attribute name="contents"           value="/WEB-INF/views/{1}.jsp"/>
        <put-attribute name="contents-js"        value="/WEB-INF/views/{1}-js.jsp"/>
    </definition>

    <!-- 화면 영역 분할 등에서 사용함 -->
    <definition name="tiles/default/template-simple" template="/WEB-INF/template/template-simple.jsp">
    </definition>

    <!-- Depth(4) : / A / B / C / D / E.jsp -->
    <definition name="/tiles/ajax/*/*/*/*/*"      extends="tiles/default/template-simple">
        <put-attribute name="contents"           value="/WEB-INF/views/{1}/{2}/{3}/{4}/{5}.jsp"/>
    </definition>

    <!-- Depth(3) : / A / B / C / D.jsp -->
    <definition name="/tiles/ajax/*/*/*/*"        extends="tiles/default/template-simple">
        <put-attribute name="contents"           value="/WEB-INF/views/{1}/{2}/{3}/{4}.jsp"/>
    </definition>

    <!-- Depth(2) : / A / B / C.jsp -->
    <definition name="/tiles/ajax/*/*/*"          extends="tiles/default/template-simple">
        <put-attribute name="contents"           value="/WEB-INF/views/{1}/{2}/{3}.jsp"/>
    </definition>

    <!-- Depth(1) : / A / B.jsp -->
    <definition name="/tiles/ajax/*/*"            extends="tiles/default/template-simple">
        <put-attribute name="contents"           value="/WEB-INF/views/{1}/{2}.jsp"/>
    </definition>

    <!-- Depth(0) : / A.jsp -->
    <definition name="/tiles/ajax/*"              extends="tiles/default/template-simple">
        <put-attribute name="contents"           value="/WEB-INF/views/{1}.jsp"/>
    </definition>

    <!-- 에러 페이지 레이아웃 -->
    <definition name="tiles/error/template"     template="/WEB-INF/template/error/error-template.jsp"/>

    <definition name="/errors/*"                   extends="tiles/error/template">
        <put-attribute name="contents"           value="/WEB-INF/errors/{1}.jsp"/>
    </definition>

</tiles-definitions>